andrey@sitnik.ru = Andrey Sitnik <andrey@sitnik.ru>
antonioams = Antonio Anderson Souza <antonioams@gmail.com>
buzmavi = Buz Mavi <buzmavi@gmail.com>
calin.marina = Calin Marina <calin.marina@gmail.com>
carlos.talbot@gmail.com = Carlos Talbot <carlos.talbot@gmail.com>
christoph_weber@gmx.net = Christoph Weber <christoph_weber@gmx.net>
cyril.jaquier = Cyril Jacquier <cyril.jaquier@gmail.com>
eriksson.mag = Eriksson Mag <eriksson.mag@gmail.com>
felix.bechstein@gmail.com = Felix Bechstein <f@ub0r.de>
jejbgo = James Bottomley <james.bottomley@HansenPartnership.com>
jiri.tyr = Jiri Tyr <jiri.tyr@gmail.com>
joe.n.jackson = Joe N Jackson <joe.n.jackson@gmail.com>
jropal987 = jropal987@gmail.com <jropal987@gmail.com>
lepitrust = Gianfilippo Grignola <lepitrust@gmail.com>
mandrajg = Mandrajg <mandrajg@gmail.com>
marco.canelas@gmail.com = Marco Canelas <marco.canelas@gmail.com>
matthew.monacelli = Matthew Monacelli <matthew.monacelli@gmail.com>
mongi3 = <mongi3@gmail.com>
nio.von = Nio Von <nio.von@gmail.com>
(no author) = Pascal Merle <pmerle@bluebottle.com>
piotrek.zurek@gmail.com = Piotrek Zurek <piotrek.zurek@gmail.com>
pmerle71 = Pascal Merle <pmerle@bluebottle.com>
ray.bellis = Ray Bellis <ray.bellis@gmail.com>
ReeeYeees = Reee Yeees <ReeeYeees@gmail.com>
thilo.bangert = Thilo Bangert <thilo.bangert@gmail.com>
tm.inoue@gmail.com = Tm Inoue <tm.inoue@gmail.com>
vherilier = Vincent Herilier <vherilier@gmail.com>
wavehill09 = wavehill09 <wavehill09@gmail.com>
wimaxsys = Alexey Demin <wimaxsys@gmail.com>
yecarrillo@gmail.com = Eduin Carrillo <yecarrillo@gmail.com>
zblabunk = Pavel Machek <pavel@ucw.cz>
